{"cameraMode":{"drawMode":0,"name":"Shaded","section":"Shading Mode"},"sceneLighting":true,"audioPlay":false,"sceneViewState":{"m_AlwaysRefresh":false,"showFog":true,"showSkybox":true,"showFlares":true,"showImageEffects":true,"showParticleSystems":true,"showVisualEffectGraphs":true,"m_FxEnabled":true},"in2DMode":false,"pivot":{"x":4.180880546569824,"y":-7.653514862060547,"z":-0.8766450881958008},"rotation":{"x":-0.7275981307029724,"y":0.004539105109870434,"z":-0.004786834120750427,"w":-0.686008632183075},"size":15.230917930603028,"orthographic":false}